{
"lengthUnit": "mil",
"remark": [],
"components": {
	"fields": ["COMPONENT_NO", "COMPONENT_NAME", "LAYER", "X_COORDINATE", "Y_COORDINATE", "ANGLE"],
	"rows": [
		[1, "C4", "T", 795, -365, 90],
		[2, "C5", "T", 695, -385, 90],
		[3, "C9", "T", 940, -375, 90],
		[4, "C10", "T", 1035, -420, 90],
		[5, "C11", "T", 1190, -495, 0],
		[6, "C12", "T", 827.7, -1172.0935, 90],
		[7, "C13", "T", 967.24, -1087.76, 270],
		[8, "C14", "T", 600, -1090, 270],
		[9, "C15", "T", 750, -1100, 270],
		[10, "C16", "T", 667.76, -1097.76, 90],
		[11, "C17", "T", 867.76, -372.76, 90],
		[12, "C18", "T", 860, -235, 270],
		[13, "C19", "T", 900, -1170, 270],
		[14, "C20", "T", 830, -1030, 180],
		[15, "H1", "T", 465, -1005, 90],
		[16, "H2", "T", 465, -605, 90],
		[17, "RP1", "B", 920, -755, 180],
		[18, "U1", "T", 820, -745, 0],
		[19, "U4", "T", 1205, -870, 0],
		[20, "U5", "T", 1202.056, -770.8915, 0],
		[21, "U6", "T", 1205, -675, 0],
		[22, "U7", "T", 1195, -575, 0],
		[23, "PAD1", "T", 795, -412.24, 0],
		[24, "PAD2", "T", 795, -317.76, 0],
		[25, "PAD3", "T", 695, -432.24, 0],
		[26, "PAD4", "T", 695, -337.76, 0],
		[27, "PAD5", "T", 940, -422.24, 0],
		[28, "PAD6", "T", 940, -327.76, 0],
		[29, "PAD7", "T", 1035, -467.24, 0],
		[30, "PAD8", "T", 1035, -372.76, 0],
		[31, "PAD9", "T", 1142.76, -495, 0],
		[32, "PAD10", "T", 1237.24, -495, 0],
		[33, "PAD11", "T", 967.24, -1040.52, 0],
		[34, "PAD12", "T", 967.24, -1135, 0],
		[35, "PAD13", "T", 600, -1042.76, 0],
		[36, "PAD14", "T", 600, -1137.24, 0],
		[37, "PAD15", "T", 750, -1052.76, 0],
		[38, "PAD16", "T", 750, -1147.24, 0],
		[39, "PAD17", "T", 667.76, -1145, 0],
		[40, "PAD18", "T", 667.76, -1050.52, 0],
		[41, "PAD19", "T", 867.76, -420, 0],
		[42, "PAD20", "T", 867.76, -325.52, 0],
		[43, "PAD21", "T", 860, -262.56, 0],
		[44, "PAD22", "T", 860, -207.44, 0],
		[45, "PAD23", "T", 900, -1122.76, 0],
		[46, "PAD24", "T", 900, -1217.24, 0],
		[47, "PAD25", "T", 802.44, -1030, 0],
		[48, "PAD26", "T", 857.56, -1030, 0],
		[49, "PAD27", "T", 465, -1155, 0],
		[50, "PAD27", "B", 465, -1155, 0],
		[51, "PAD28", "T", 465, -1055, 0],
		[52, "PAD28", "B", 465, -1055, 0],
		[53, "PAD29", "T", 465, -955, 0],
		[54, "PAD29", "B", 465, -955, 0],
		[55, "PAD30", "T", 465, -855, 0],
		[56, "PAD30", "B", 465, -855, 0],
		[57, "PAD31", "T", 465, -755, 0],
		[58, "PAD31", "B", 465, -755, 0],
		[59, "PAD32", "T", 465, -655, 0],
		[60, "PAD32", "B", 465, -655, 0],
		[61, "PAD33", "T", 465, -555, 0],
		[62, "PAD33", "B", 465, -555, 0],
		[63, "PAD34", "T", 465, -455, 0],
		[64, "PAD34", "B", 465, -455, 0],
		[65, "PAD35", "B", 1274.3307, -555, 0],
		[66, "PAD36", "B", 1274.3307, -655, 0],
		[67, "PAD37", "B", 1274.3307, -755, 0],
		[68, "PAD38", "B", 1274.3307, -855, 0],
		[69, "PAD39", "B", 1274.3307, -955, 0],
		[70, "PAD40", "B", 1274.3307, -1055, 0],
		[71, "PAD41", "B", 565.6693, -1055, 0],
		[72, "PAD42", "B", 565.6693, -655, 0],
		[73, "PAD43", "B", 565.6693, -555, 0],
		[74, "PAD44", "T", 770.79, -526.5, 0],
		[75, "PAD45", "T", 790.47, -526.5, 0],
		[76, "PAD46", "T", 810.16, -526.5, 0],
		[77, "PAD47", "T", 829.84, -526.5, 0],
		[78, "PAD48", "T", 849.53, -526.5, 0],
		[79, "PAD49", "T", 869.21, -526.5, 0],
		[80, "PAD50", "T", 928.27, -526.5, 0],
		[81, "PAD51", "T", 947.95, -526.5, 0],
		[82, "PAD52", "T", 967.64, -526.5, 0],
		[83, "PAD53", "T", 1038.5, -597.36, 0],
		[84, "PAD54", "T", 1038.5, -617.05, 0],
		[85, "PAD55", "T", 1038.5, -636.73, 0],
		[86, "PAD56", "T", 1038.5, -656.42, 0],
		[87, "PAD57", "T", 1038.5, -676.1, 0],
		[88, "PAD58", "T", 1038.5, -695.79, 0],
		[89, "PAD59", "T", 1038.5, -715.47, 0],
		[90, "PAD60", "T", 1038.5, -754.84, 0],
		[91, "PAD61", "T", 1038.5, -774.53, 0],
		[92, "PAD62", "T", 1038.5, -794.21, 0],
		[93, "PAD63", "T", 1038.5, -833.58, 0],
		[94, "PAD64", "T", 1038.5, -872.95, 0],
		[95, "PAD65", "T", 1038.5, -892.64, 0],
		[96, "PAD66", "T", 967.64, -963.5, 0],
		[97, "PAD67", "T", 947.95, -963.5, 0],
		[98, "PAD68", "T", 928.27, -963.5, 0],
		[99, "PAD69", "T", 888.9, -963.5, 0],
		[100, "PAD70", "T", 849.53, -963.5, 0],
		[101, "PAD71", "T", 829.84, -963.5, 0],
		[102, "PAD72", "T", 810.16, -963.5, 0],
		[103, "PAD73", "T", 790.47, -963.5, 0],
		[104, "PAD74", "T", 770.79, -963.5, 0],
		[105, "PAD75", "T", 751.1, -963.5, 0],
		[106, "PAD76", "T", 731.42, -963.5, 0],
		[107, "PAD77", "T", 711.73, -963.5, 0],
		[108, "PAD78", "T", 601.5, -892.64, 0],
		[109, "PAD79", "T", 601.5, -872.95, 0],
		[110, "PAD80", "T", 601.5, -853.27, 0],
		[111, "PAD81", "T", 601.5, -833.58, 0],
		[112, "PAD82", "T", 601.5, -813.9, 0],
		[113, "PAD83", "T", 601.5, -794.21, 0],
		[114, "PAD84", "T", 601.5, -774.53, 0],
		[115, "PAD85", "T", 601.5, -754.84, 0],
		[116, "PAD86", "T", 1263.22, -870, 0],
		[117, "PAD87", "T", 1146.78, -870, 0],
		[118, "PAD88", "T", 1260.276, -770.8915, 0],
		[119, "PAD89", "T", 1143.836, -770.8915, 0],
		[120, "PAD90", "T", 1263.22, -675, 0],
		[121, "PAD91", "T", 1146.78, -675, 0],
		[122, "PAD92", "T", 1253.22, -575, 0],
		[123, "PAD93", "T", 1136.78, -575, 0],
		[124, "PAD94", "T", 827.7, -1109.3935, 0],
		[125, "PAD95", "T", 827.7, -1234.7935, 0]
	]
},
"pins": {
	"fields": ["PIN_NO", "PIN_NAME", "PIN_X", "PIN_Y", "LAYER", "PIN_TYPE", "NET_NAME", "NET_TYPE", "PAD_SHAPE", "PAD_SIZEX", "PAD_SIZEY", "HOLE_SIZE", "HOLE_LEN", "PAD_ANGLE"],
	"rows": [
		[1, "C4_1", 795, -412.24, "T", "SMD", "AVSS", "", "R", 59.055, 53.5, 0, 0, 90],
		[2, "C4_2", 795, -317.76, "T", "SMD", "AVSS", "", "R", 59.055, 53.5, 0, 0, 90],
		[3, "C5_1", 695, -432.24, "T", "SMD", "AVSS", "", "R", 59.055, 53.5, 0, 0, 90],
		[4, "C5_2", 695, -337.76, "T", "SMD", "AVSS", "", "R", 59.055, 53.5, 0, 0, 90],
		[5, "C9_1", 940, -422.24, "T", "SMD", "AVSS", "", "R", 59.055, 53.5, 0, 0, 90],
		[6, "C9_2", 940, -327.76, "T", "SMD", "AVSS", "", "R", 59.055, 53.5, 0, 0, 90],
		[7, "C10_1", 1035, -467.24, "T", "SMD", "$1N1571", "", "R", 59.055, 53.5, 0, 0, 90],
		[8, "C10_2", 1035, -372.76, "T", "SMD", "DGND", "", "R", 59.055, 53.5, 0, 0, 90],
		[9, "C11_1", 1142.76, -495, "T", "SMD", "DGND", "", "R", 59.055, 53.5, 0, 0, 0],
		[10, "C11_2", 1237.24, -495, "T", "SMD", "DGND", "", "R", 59.055, 53.5, 0, 0, 0],
		[11, "C12_1", 827.7, -1234.7935, "T", "SMD", "AVSS", "", "R", 58.465, 68.031, 0, 0, 90],
		[12, "C12_2", 827.7, -1109.3935, "T", "SMD", "$1N1529", "", "R", 58.465, 68.031, 0, 0, 90],
		[13, "C13_1", 967.24, -1040.52, "T", "SMD", "$1N1527", "", "R", 59.055, 53.5, 0, 0, 270],
		[14, "C13_2", 967.24, -1135, "T", "SMD", "AVSS", "", "R", 59.055, 53.5, 0, 0, 270],
		[15, "C14_1", 600, -1042.76, "T", "SMD", "$1N1542", "", "R", 59.055, 53.5, 0, 0, 270],
		[16, "C14_2", 600, -1137.24, "T", "SMD", "AVSS", "", "R", 59.055, 53.5, 0, 0, 270],
		[17, "C15_1", 750, -1052.76, "T", "SMD", "AVSS", "", "R", 59.055, 53.5, 0, 0, 270],
		[18, "C15_2", 750, -1147.24, "T", "SMD", "AVSS", "", "R", 59.055, 53.5, 0, 0, 270],
		[19, "C16_1", 667.76, -1145, "T", "SMD", "AVSS", "", "R", 59.055, 53.5, 0, 0, 90],
		[20, "C16_2", 667.76, -1050.52, "T", "SMD", "AVSS", "", "R", 59.055, 53.5, 0, 0, 90],
		[21, "C17_1", 867.76, -420, "T", "SMD", "$1N1572", "", "R", 59.055, 53.5, 0, 0, 90],
		[22, "C17_2", 867.76, -325.52, "T", "SMD", "$1N1563", "", "R", 59.055, 53.5, 0, 0, 90],
		[23, "C18_1", 860, -207.44, "T", "SMD", "AVSS", "", "R", 31.496, 35.433, 0, 0, 270],
		[24, "C18_2", 860, -262.56, "T", "SMD", "$1N1563", "", "R", 31.496, 35.433, 0, 0, 270],
		[25, "C19_1", 900, -1122.76, "T", "SMD", "$1N1574", "", "R", 59.055, 53.5, 0, 0, 270],
		[26, "C19_2", 900, -1217.24, "T", "SMD", "AVSS", "", "R", 59.055, 53.5, 0, 0, 270],
		[27, "C20_1", 857.56, -1030, "T", "SMD", "VREFN", "", "R", 31.496, 35.433, 0, 0, 180],
		[28, "C20_2", 802.44, -1030, "T", "SMD", "$1N1573", "", "R", 31.496, 35.433, 0, 0, 180],
		[29, "H1_1", 465, -1155, "T", "DIP", "$1N1536", "", "R", 66.929, 66.929, 43.308, 43.308, 90],
		[30, "H1_1", 465, -1155, "B", "DIP", "$1N1536", "", "R", 66.929, 66.929, 43.308, 43.308, 90],
		[31, "H1_2", 465, -1055, "T", "DIP", "$1N1535", "", "C", 66.929, 66.929, 43.308, 43.308, 90],
		[32, "H1_2", 465, -1055, "B", "DIP", "$1N1535", "", "C", 66.929, 66.929, 43.308, 43.308, 90],
		[33, "H1_3", 465, -955, "T", "DIP", "$1N1534", "", "C", 66.929, 66.929, 43.308, 43.308, 90],
		[34, "H1_3", 465, -955, "B", "DIP", "$1N1534", "", "C", 66.929, 66.929, 43.308, 43.308, 90],
		[35, "H1_4", 465, -855, "T", "DIP", "$1N1533", "", "C", 66.929, 66.929, 43.308, 43.308, 90],
		[36, "H1_4", 465, -855, "B", "DIP", "$1N1533", "", "C", 66.929, 66.929, 43.308, 43.308, 90],
		[37, "H2_1", 465, -755, "T", "DIP", "$1N1532", "", "R", 66.929, 66.929, 43.308, 43.308, 90],
		[38, "H2_1", 465, -755, "B", "DIP", "$1N1532", "", "R", 66.929, 66.929, 43.308, 43.308, 90],
		[39, "H2_2", 465, -655, "T", "DIP", "$1N1530", "", "C", 66.929, 66.929, 43.308, 43.308, 90],
		[40, "H2_2", 465, -655, "B", "DIP", "$1N1530", "", "C", 66.929, 66.929, 43.308, 43.308, 90],
		[41, "H2_3", 465, -555, "T", "DIP", "$1N1531", "", "C", 66.929, 66.929, 43.308, 43.308, 90],
		[42, "H2_3", 465, -555, "B", "DIP", "$1N1531", "", "C", 66.929, 66.929, 43.308, 43.308, 90],
		[43, "H2_4", 465, -455, "T", "DIP", "$1N1538", "", "C", 66.929, 66.929, 43.308, 43.308, 90],
		[44, "H2_4", 465, -455, "B", "DIP", "$1N1538", "", "C", 66.929, 66.929, 43.308, 43.308, 90],
		[45, "RP1_1", 1274.3307, -455, "B", "SMD", "NET_1", "", "R", 108.2677, 78.7402, 0, 0, 180],
		[46, "RP1_2", 1274.3307, -555, "B", "SMD", "D2", "", "R", 108.2677, 78.7402, 0, 0, 180],
		[47, "RP1_3", 1274.3307, -655, "B", "SMD", "D3", "", "R", 108.2677, 78.7402, 0, 0, 180],
		[48, "RP1_4", 1274.3307, -755, "B", "SMD", "D4", "", "R", 108.2677, 78.7402, 0, 0, 180],
		[49, "RP1_5", 1274.3307, -855, "B", "SMD", "D10", "", "R", 108.2677, 78.7402, 0, 0, 180],
		[50, "RP1_6", 1274.3307, -955, "B", "SMD", "D11", "", "R", 108.2677, 78.7402, 0, 0, 180],
		[51, "RP1_7", 1274.3307, -1055, "B", "SMD", "D12", "", "R", 108.2677, 78.7402, 0, 0, 180],
		[52, "RP1_8", 565.6693, -1055, "B", "SMD", "D13", "", "R", 108.2677, 78.7402, 0, 0, 180],
		[53, "RP1_9", 565.6693, -955, "B", "SMD", "NET_2", "", "R", 108.2677, 78.7402, 0, 0, 180],
		[54, "RP1_10", 565.6693, -855, "B", "SMD", "NET_3", "", "R", 108.2677, 78.7402, 0, 0, 180],
		[55, "RP1_11", 565.6693, -755, "B", "SMD", "NET_4", "", "R", 108.2677, 78.7402, 0, 0, 180],
		[56, "RP1_12", 565.6693, -655, "B", "SMD", "AVSS", "", "R", 108.2677, 78.7402, 0, 0, 180],
		[57, "RP1_13", 565.6693, -555, "B", "SMD", "DGND", "", "R", 108.2677, 78.7402, 0, 0, 180],
		[58, "RP1_14", 565.6693, -455, "B", "SMD", "NET_5", "", "R", 108.2677, 78.7402, 0, 0, 180],
		[59, "RP1_15", 970, -1095.1575, "B", "SMD", "NET_6", "", "R", 98.4252, 43.3071, 0, 0, 270],
		[60, "RP1_16", 870, -1095.1575, "B", "SMD", "NET_7", "", "R", 98.4252, 43.3071, 0, 0, 270],
		[61, "RP1_17", 970, -425.1575, "B", "SMD", "NET_8", "", "C", 66.9291, 66.9291, 0, 0, 180],
		[62, "RP1_18", 870, -425.1575, "B", "SMD", "NET_9", "", "C", 66.9291, 66.9291, 0, 0, 180],
		[63, "RP1_19", 970, -525.1575, "B", "SMD", "NET_10", "", "C", 66.9291, 66.9291, 0, 0, 180],
		[64, "RP1_20", 870, -525.1575, "B", "SMD", "NET_11", "", "C", 66.9291, 66.9291, 0, 0, 180],
		[65, "U1_1", 601.5, -597.36, "T", "SMD", "NET_12", "", "O", 11.024, 70.866, 0, 0, 90],
		[66, "U1_2", 601.5, -617.05, "T", "SMD", "NET_13", "", "O", 11.024, 70.866, 0, 0, 90],
		[67, "U1_3", 601.5, -636.73, "T", "SMD", "NET_14", "", "O", 11.024, 70.866, 0, 0, 90],
		[68, "U1_4", 601.5, -656.42, "T", "SMD", "NET_15", "", "O", 11.024, 70.866, 0, 0, 90],
		[69, "U1_5", 601.5, -676.1, "T", "SMD", "NET_16", "", "O", 11.024, 70.866, 0, 0, 90],
		[70, "U1_6", 601.5, -695.79, "T", "SMD", "NET_17", "", "O", 11.024, 70.866, 0, 0, 90],
		[71, "U1_7", 601.5, -715.47, "T", "SMD", "NET_18", "", "O", 11.024, 70.866, 0, 0, 90],
		[72, "U1_8", 601.5, -735.16, "T", "SMD", "NET_19", "", "O", 11.024, 70.866, 0, 0, 90],
		[73, "U1_9", 601.5, -754.84, "T", "SMD", "$1N1538", "", "O", 11.024, 70.866, 0, 0, 90],
		[74, "U1_10", 601.5, -774.53, "T", "SMD", "$1N1531", "", "O", 11.024, 70.866, 0, 0, 90],
		[75, "U1_11", 601.5, -794.21, "T", "SMD", "$1N1530", "", "O", 11.024, 70.866, 0, 0, 90],
		[76, "U1_12", 601.5, -813.9, "T", "SMD", "$1N1532", "", "O", 11.024, 70.866, 0, 0, 90],
		[77, "U1_13", 601.5, -833.58, "T", "SMD", "$1N1533", "", "O", 11.024, 70.866, 0, 0, 90],
		[78, "U1_14", 601.5, -853.27, "T", "SMD", "$1N1534", "", "O", 11.024, 70.866, 0, 0, 90],
		[79, "U1_15", 601.5, -872.95, "T", "SMD", "$1N1535", "", "O", 11.024, 70.866, 0, 0, 90],
		[80, "U1_16", 601.5, -892.64, "T", "SMD", "$1N1536", "", "O", 11.024, 70.866, 0, 0, 90],
		[81, "U1_17", 672.36, -963.5, "T", "SMD", "NET_20", "", "O", 11.024, 70.866, 0, 0, 0],
		[82, "U1_18", 692.05, -963.5, "T", "SMD", "NET_21", "", "O", 11.024, 70.866, 0, 0, 0],
		[83, "U1_19", 711.73, -963.5, "T", "SMD", "AVSS", "", "O", 11.024, 70.866, 0, 0, 0],
		[84, "U1_20", 731.42, -963.5, "T", "SMD", "AVSS", "", "O", 11.024, 70.866, 0, 0, 0],
		[85, "U1_21", 751.1, -963.5, "T", "SMD", "AVSS", "", "O", 11.024, 70.866, 0, 0, 0],
		[86, "U1_22", 770.79, -963.5, "T", "SMD", "$1N1542", "", "O", 11.024, 70.866, 0, 0, 0],
		[87, "U1_23", 790.47, -963.5, "T", "SMD", "AVSS", "", "O", 11.024, 70.866, 0, 0, 0],
		[88, "U1_24", 810.16, -963.5, "T", "SMD", "$1N1573", "", "O", 11.024, 70.866, 0, 0, 0],
		[89, "U1_25", 829.84, -963.5, "T", "SMD", "VREFN", "", "O", 11.024, 70.866, 0, 0, 0],
		[90, "U1_26", 849.53, -963.5, "T", "SMD", "$1N1574", "", "O", 11.024, 70.866, 0, 0, 0],
		[91, "U1_27", 869.21, -963.5, "T", "SMD", "NET_22", "", "O", 11.024, 70.866, 0, 0, 0],
		[92, "U1_28", 888.9, -963.5, "T", "SMD", "$1N1529", "", "O", 11.024, 70.866, 0, 0, 0],
		[93, "U1_29", 908.58, -963.5, "T", "SMD", "NET_23", "", "O", 11.024, 70.866, 0, 0, 0],
		[94, "U1_30", 928.27, -963.5, "T", "SMD", "$1N1527", "", "O", 11.024, 70.866, 0, 0, 0],
		[95, "U1_31", 947.95, -963.5, "T", "SMD", "DGND", "", "O", 11.024, 70.866, 0, 0, 0],
		[96, "U1_32", 967.64, -963.5, "T", "SMD", "AVSS", "", "O", 11.024, 70.866, 0, 0, 0],
		[97, "U1_33", 1038.5, -892.64, "T", "SMD", "DGND", "", "O", 11.024, 70.866, 0, 0, 90],
		[98, "U1_34", 1038.5, -872.95, "T", "SMD", "D11", "", "O", 11.024, 70.866, 0, 0, 90],
		[99, "U1_35", 1038.5, -853.27, "T", "SMD", "NET_24", "", "O", 11.024, 70.866, 0, 0, 90],
		[100, "U1_36", 1038.5, -833.58, "T", "SMD", "D3", "", "O", 11.024, 70.866, 0, 0, 90],
		[101, "U1_37", 1038.5, -813.9, "T", "SMD", "NET_25", "", "O", 11.024, 70.866, 0, 0, 90],
		[102, "U1_38", 1038.5, -794.21, "T", "SMD", "D4", "", "O", 11.024, 70.866, 0, 0, 90],
		[103, "U1_39", 1038.5, -774.53, "T", "SMD", "D10", "", "O", 11.024, 70.866, 0, 0, 90],
		[104, "U1_40", 1038.5, -754.84, "T", "SMD", "D13", "", "O", 11.024, 70.866, 0, 0, 90],
		[105, "U1_41", 1038.5, -735.16, "T", "SMD", "NET_26", "", "O", 11.024, 70.866, 0, 0, 90],
		[106, "U1_42", 1038.5, -715.47, "T", "SMD", "$1N1567", "", "O", 11.024, 70.866, 0, 0, 90],
		[107, "U1_43", 1038.5, -695.79, "T", "SMD", "D12", "", "O", 11.024, 70.866, 0, 0, 90],
		[108, "U1_44", 1038.5, -676.1, "T", "SMD", "$1N1570", "", "O", 11.024, 70.866, 0, 0, 90],
		[109, "U1_45", 1038.5, -656.42, "T", "SMD", "$1N1569", "", "O", 11.024, 70.866, 0, 0, 90],
		[110, "U1_46", 1038.5, -636.73, "T", "SMD", "$1N1568", "", "O", 11.024, 70.866, 0, 0, 90],
		[111, "U1_47", 1038.5, -617.05, "T", "SMD", "D2", "", "O", 11.024, 70.866, 0, 0, 90],
		[112, "U1_48", 1038.5, -597.36, "T", "SMD", "DGND", "", "O", 11.024, 70.866, 0, 0, 90],
		[113, "U1_49", 967.64, -526.5, "T", "SMD", "DGND", "", "O", 11.024, 70.866, 0, 0, 0],
		[114, "U1_50", 947.95, -526.5, "T", "SMD", "$1N1571", "", "O", 11.024, 70.866, 0, 0, 0],
		[115, "U1_51", 928.27, -526.5, "T", "SMD", "DGND", "", "O", 11.024, 70.866, 0, 0, 0],
		[116, "U1_52", 908.58, -526.5, "T", "SMD", "NET_27", "", "O", 11.024, 70.866, 0, 0, 0],
		[117, "U1_53", 888.9, -526.5, "T", "SMD", "NET_28", "", "O", 11.024, 70.866, 0, 0, 0],
		[118, "U1_54", 869.21, -526.5, "T", "SMD", "AVSS", "", "O", 11.024, 70.866, 0, 0, 0],
		[119, "U1_55", 849.53, -526.5, "T", "SMD", "$1N1572", "", "O", 11.024, 70.866, 0, 0, 0],
		[120, "U1_56", 829.84, -526.5, "T", "SMD", "AVSS", "", "O", 11.024, 70.866, 0, 0, 0],
		[121, "U1_57", 810.16, -526.5, "T", "SMD", "AVSS", "", "O", 11.024, 70.866, 0, 0, 0],
		[122, "U1_58", 790.47, -526.5, "T", "SMD", "AVSS", "", "O", 11.024, 70.866, 0, 0, 0],
		[123, "U1_59", 770.79, -526.5, "T", "SMD", "AVSS", "", "O", 11.024, 70.866, 0, 0, 0],
		[124, "U1_60", 751.1, -526.5, "T", "SMD", "NET_29", "", "O", 11.024, 70.866, 0, 0, 0],
		[125, "U1_61", 731.42, -526.5, "T", "SMD", "NET_30", "", "O", 11.024, 70.866, 0, 0, 0],
		[126, "U1_62", 711.73, -526.5, "T", "SMD", "NET_31", "", "O", 11.024, 70.866, 0, 0, 0],
		[127, "U1_63", 692.05, -526.5, "T", "SMD", "NET_32", "", "O", 11.024, 70.866, 0, 0, 0],
		[128, "U1_64", 672.36, -526.5, "T", "SMD", "NET_33", "", "O", 11.024, 70.866, 0, 0, 0],
		[129, "U4_1", 1146.78, -870, "T", "SMD", "$1N1567", "", "R", 47.54, 66.969, 0, 0, 0],
		[130, "U4_2", 1263.22, -870, "T", "SMD", "DGND", "", "R", 47.54, 66.969, 0, 0, 0],
		[131, "U5_1", 1143.836, -770.8915, "T", "SMD", "$1N1570", "", "R", 47.54, 66.969, 0, 0, 0],
		[132, "U5_2", 1260.276, -770.8915, "T", "SMD", "DGND", "", "R", 47.54, 66.969, 0, 0, 0],
		[133, "U6_1", 1146.78, -675, "T", "SMD", "$1N1569", "", "R", 47.54, 66.969, 0, 0, 0],
		[134, "U6_2", 1263.22, -675, "T", "SMD", "DGND", "", "R", 47.54, 66.969, 0, 0, 0],
		[135, "U7_1", 1136.78, -575, "T", "SMD", "$1N1568", "", "R", 47.54, 66.969, 0, 0, 0],
		[136, "U7_2", 1253.22, -575, "T", "SMD", "DGND", "", "R", 47.54, 66.969, 0, 0, 0],
		[137, "PAD1_1", 795, -412.24, "T", "SMD", "AVSS", "", "R", 59.055, 53.5, 0, 0, 90],
		[138, "PAD2_2", 795, -317.76, "T", "SMD", "AVSS", "", "R", 59.055, 53.5, 0, 0, 90],
		[139, "PAD3_1", 695, -432.24, "T", "SMD", "AVSS", "", "R", 59.055, 53.5, 0, 0, 90],
		[140, "PAD4_2", 695, -337.76, "T", "SMD", "AVSS", "", "R", 59.055, 53.5, 0, 0, 90],
		[141, "PAD5_1", 940, -422.24, "T", "SMD", "AVSS", "", "R", 59.055, 53.5, 0, 0, 90],
		[142, "PAD6_2", 940, -327.76, "T", "SMD", "AVSS", "", "R", 59.055, 53.5, 0, 0, 90],
		[143, "PAD7_1", 1035, -467.24, "T", "SMD", "$1N1571", "", "R", 59.055, 53.5, 0, 0, 90],
		[144, "PAD8_2", 1035, -372.76, "T", "SMD", "DGND", "", "R", 59.055, 53.5, 0, 0, 90],
		[145, "PAD9_1", 1142.76, -495, "T", "SMD", "DGND", "", "R", 59.055, 53.5, 0, 0, 0],
		[146, "PAD10_2", 1237.24, -495, "T", "SMD", "DGND", "", "R", 59.055, 53.5, 0, 0, 0],
		[147, "PAD11_1", 967.24, -1040.52, "T", "SMD", "$1N1527", "", "R", 59.055, 53.5, 0, 0, 270],
		[148, "PAD12_2", 967.24, -1135, "T", "SMD", "AVSS", "", "R", 59.055, 53.5, 0, 0, 270],
		[149, "PAD13_1", 600, -1042.76, "T", "SMD", "$1N1542", "", "R", 59.055, 53.5, 0, 0, 270],
		[150, "PAD14_2", 600, -1137.24, "T", "SMD", "AVSS", "", "R", 59.055, 53.5, 0, 0, 270],
		[151, "PAD15_1", 750, -1052.76, "T", "SMD", "AVSS", "", "R", 59.055, 53.5, 0, 0, 270],
		[152, "PAD16_2", 750, -1147.24, "T", "SMD", "AVSS", "", "R", 59.055, 53.5, 0, 0, 270],
		[153, "PAD17_1", 667.76, -1145, "T", "SMD", "AVSS", "", "R", 59.055, 53.5, 0, 0, 90],
		[154, "PAD18_2", 667.76, -1050.52, "T", "SMD", "AVSS", "", "R", 59.055, 53.5, 0, 0, 90],
		[155, "PAD19_1", 867.76, -420, "T", "SMD", "$1N1572", "", "R", 59.055, 53.5, 0, 0, 90],
		[156, "PAD20_2", 867.76, -325.52, "T", "SMD", "$1N1563", "", "R", 59.055, 53.5, 0, 0, 90],
		[157, "PAD21_2", 860, -262.56, "T", "SMD", "$1N1563", "", "R", 31.496, 35.433, 0, 0, 270],
		[158, "PAD22_1", 860, -207.44, "T", "SMD", "AVSS", "", "R", 31.496, 35.433, 0, 0, 270],
		[159, "PAD23_1", 900, -1122.76, "T", "SMD", "$1N1574", "", "R", 59.055, 53.5, 0, 0, 270],
		[160, "PAD24_2", 900, -1217.24, "T", "SMD", "AVSS", "", "R", 59.055, 53.5, 0, 0, 270],
		[161, "PAD25_2", 802.44, -1030, "T", "SMD", "$1N1573", "", "R", 31.496, 35.433, 0, 0, 180],
		[162, "PAD26_1", 857.56, -1030, "T", "SMD", "VREFN", "", "R", 31.496, 35.433, 0, 0, 180],
		[163, "PAD27_1", 465, -1155, "T", "DIP", "$1N1536", "", "R", 66.929, 66.929, 43.308, 43.308, 90],
		[164, "PAD27_1", 465, -1155, "B", "DIP", "$1N1536", "", "R", 66.929, 66.929, 43.308, 43.308, 90],
		[165, "PAD28_2", 465, -1055, "T", "DIP", "$1N1535", "", "C", 66.929, 66.929, 43.308, 43.308, 90],
		[166, "PAD28_2", 465, -1055, "B", "DIP", "$1N1535", "", "C", 66.929, 66.929, 43.308, 43.308, 90],
		[167, "PAD29_3", 465, -955, "T", "DIP", "$1N1534", "", "C", 66.929, 66.929, 43.308, 43.308, 90],
		[168, "PAD29_3", 465, -955, "B", "DIP", "$1N1534", "", "C", 66.929, 66.929, 43.308, 43.308, 90],
		[169, "PAD30_4", 465, -855, "T", "DIP", "$1N1533", "", "C", 66.929, 66.929, 43.308, 43.308, 90],
		[170, "PAD30_4", 465, -855, "B", "DIP", "$1N1533", "", "C", 66.929, 66.929, 43.308, 43.308, 90],
		[171, "PAD31_1", 465, -755, "T", "DIP", "$1N1532", "", "R", 66.929, 66.929, 43.308, 43.308, 90],
		[172, "PAD31_1", 465, -755, "B", "DIP", "$1N1532", "", "R", 66.929, 66.929, 43.308, 43.308, 90],
		[173, "PAD32_2", 465, -655, "T", "DIP", "$1N1530", "", "C", 66.929, 66.929, 43.308, 43.308, 90],
		[174, "PAD32_2", 465, -655, "B", "DIP", "$1N1530", "", "C", 66.929, 66.929, 43.308, 43.308, 90],
		[175, "PAD33_3", 465, -555, "T", "DIP", "$1N1531", "", "C", 66.929, 66.929, 43.308, 43.308, 90],
		[176, "PAD33_3", 465, -555, "B", "DIP", "$1N1531", "", "C", 66.929, 66.929, 43.308, 43.308, 90],
		[177, "PAD34_4", 465, -455, "T", "DIP", "$1N1538", "", "C", 66.929, 66.929, 43.308, 43.308, 90],
		[178, "PAD34_4", 465, -455, "B", "DIP", "$1N1538", "", "C", 66.929, 66.929, 43.308, 43.308, 90],
		[179, "PAD35_2", 1274.3307, -555, "B", "SMD", "D2", "", "R", 108.2677, 78.7402, 0, 0, 180],
		[180, "PAD36_3", 1274.3307, -655, "B", "SMD", "D3", "", "R", 108.2677, 78.7402, 0, 0, 180],
		[181, "PAD37_4", 1274.3307, -755, "B", "SMD", "D4", "", "R", 108.2677, 78.7402, 0, 0, 180],
		[182, "PAD38_5", 1274.3307, -855, "B", "SMD", "D10", "", "R", 108.2677, 78.7402, 0, 0, 180],
		[183, "PAD39_6", 1274.3307, -955, "B", "SMD", "D11", "", "R", 108.2677, 78.7402, 0, 0, 180],
		[184, "PAD40_7", 1274.3307, -1055, "B", "SMD", "D12", "", "R", 108.2677, 78.7402, 0, 0, 180],
		[185, "PAD41_8", 565.6693, -1055, "B", "SMD", "D13", "", "R", 108.2677, 78.7402, 0, 0, 180],
		[186, "PAD42_12", 565.6693, -655, "B", "SMD", "AVSS", "", "R", 108.2677, 78.7402, 0, 0, 180],
		[187, "PAD43_13", 565.6693, -555, "B", "SMD", "DGND", "", "R", 108.2677, 78.7402, 0, 0, 180],
		[188, "PAD44_59", 770.79, -526.5, "T", "SMD", "AVSS", "", "O", 11.024, 70.866, 0, 0, 0],
		[189, "PAD45_58", 790.47, -526.5, "T", "SMD", "AVSS", "", "O", 11.024, 70.866, 0, 0, 0],
		[190, "PAD46_57", 810.16, -526.5, "T", "SMD", "AVSS", "", "O", 11.024, 70.866, 0, 0, 0],
		[191, "PAD47_56", 829.84, -526.5, "T", "SMD", "AVSS", "", "O", 11.024, 70.866, 0, 0, 0],
		[192, "PAD48_55", 849.53, -526.5, "T", "SMD", "$1N1572", "", "O", 11.024, 70.866, 0, 0, 0],
		[193, "PAD49_54", 869.21, -526.5, "T", "SMD", "AVSS", "", "O", 11.024, 70.866, 0, 0, 0],
		[194, "PAD50_51", 928.27, -526.5, "T", "SMD", "DGND", "", "O", 11.024, 70.866, 0, 0, 0],
		[195, "PAD51_50", 947.95, -526.5, "T", "SMD", "$1N1571", "", "O", 11.024, 70.866, 0, 0, 0],
		[196, "PAD52_49", 967.64, -526.5, "T", "SMD", "DGND", "", "O", 11.024, 70.866, 0, 0, 0],
		[197, "PAD53_48", 1038.5, -597.36, "T", "SMD", "DGND", "", "O", 11.024, 70.866, 0, 0, 90],
		[198, "PAD54_47", 1038.5, -617.05, "T", "SMD", "D2", "", "O", 11.024, 70.866, 0, 0, 90],
		[199, "PAD55_46", 1038.5, -636.73, "T", "SMD", "$1N1568", "", "O", 11.024, 70.866, 0, 0, 90],
		[200, "PAD56_45", 1038.5, -656.42, "T", "SMD", "$1N1569", "", "O", 11.024, 70.866, 0, 0, 90],
		[201, "PAD57_44", 1038.5, -676.1, "T", "SMD", "$1N1570", "", "O", 11.024, 70.866, 0, 0, 90],
		[202, "PAD58_43", 1038.5, -695.79, "T", "SMD", "D12", "", "O", 11.024, 70.866, 0, 0, 90],
		[203, "PAD59_42", 1038.5, -715.47, "T", "SMD", "$1N1567", "", "O", 11.024, 70.866, 0, 0, 90],
		[204, "PAD60_40", 1038.5, -754.84, "T", "SMD", "D13", "", "O", 11.024, 70.866, 0, 0, 90],
		[205, "PAD61_39", 1038.5, -774.53, "T", "SMD", "D10", "", "O", 11.024, 70.866, 0, 0, 90],
		[206, "PAD62_38", 1038.5, -794.21, "T", "SMD", "D4", "", "O", 11.024, 70.866, 0, 0, 90],
		[207, "PAD63_36", 1038.5, -833.58, "T", "SMD", "D3", "", "O", 11.024, 70.866, 0, 0, 90],
		[208, "PAD64_34", 1038.5, -872.95, "T", "SMD", "D11", "", "O", 11.024, 70.866, 0, 0, 90],
		[209, "PAD65_33", 1038.5, -892.64, "T", "SMD", "DGND", "", "O", 11.024, 70.866, 0, 0, 90],
		[210, "PAD66_32", 967.64, -963.5, "T", "SMD", "AVSS", "", "O", 11.024, 70.866, 0, 0, 0],
		[211, "PAD67_31", 947.95, -963.5, "T", "SMD", "DGND", "", "O", 11.024, 70.866, 0, 0, 0],
		[212, "PAD68_30", 928.27, -963.5, "T", "SMD", "$1N1527", "", "O", 11.024, 70.866, 0, 0, 0],
		[213, "PAD69_28", 888.9, -963.5, "T", "SMD", "$1N1529", "", "O", 11.024, 70.866, 0, 0, 0],
		[214, "PAD70_26", 849.53, -963.5, "T", "SMD", "$1N1574", "", "O", 11.024, 70.866, 0, 0, 0],
		[215, "PAD71_25", 829.84, -963.5, "T", "SMD", "VREFN", "", "O", 11.024, 70.866, 0, 0, 0],
		[216, "PAD72_24", 810.16, -963.5, "T", "SMD", "$1N1573", "", "O", 11.024, 70.866, 0, 0, 0],
		[217, "PAD73_23", 790.47, -963.5, "T", "SMD", "AVSS", "", "O", 11.024, 70.866, 0, 0, 0],
		[218, "PAD74_22", 770.79, -963.5, "T", "SMD", "$1N1542", "", "O", 11.024, 70.866, 0, 0, 0],
		[219, "PAD75_21", 751.1, -963.5, "T", "SMD", "AVSS", "", "O", 11.024, 70.866, 0, 0, 0],
		[220, "PAD76_20", 731.42, -963.5, "T", "SMD", "AVSS", "", "O", 11.024, 70.866, 0, 0, 0],
		[221, "PAD77_19", 711.73, -963.5, "T", "SMD", "AVSS", "", "O", 11.024, 70.866, 0, 0, 0],
		[222, "PAD78_16", 601.5, -892.64, "T", "SMD", "$1N1536", "", "O", 11.024, 70.866, 0, 0, 90],
		[223, "PAD79_15", 601.5, -872.95, "T", "SMD", "$1N1535", "", "O", 11.024, 70.866, 0, 0, 90],
		[224, "PAD80_14", 601.5, -853.27, "T", "SMD", "$1N1534", "", "O", 11.024, 70.866, 0, 0, 90],
		[225, "PAD81_13", 601.5, -833.58, "T", "SMD", "$1N1533", "", "O", 11.024, 70.866, 0, 0, 90],
		[226, "PAD82_12", 601.5, -813.9, "T", "SMD", "$1N1532", "", "O", 11.024, 70.866, 0, 0, 90],
		[227, "PAD83_11", 601.5, -794.21, "T", "SMD", "$1N1530", "", "O", 11.024, 70.866, 0, 0, 90],
		[228, "PAD84_10", 601.5, -774.53, "T", "SMD", "$1N1531", "", "O", 11.024, 70.866, 0, 0, 90],
		[229, "PAD85_9", 601.5, -754.84, "T", "SMD", "$1N1538", "", "O", 11.024, 70.866, 0, 0, 90],
		[230, "PAD86_2", 1263.22, -870, "T", "SMD", "DGND", "", "R", 47.54, 66.969, 0, 0, 0],
		[231, "PAD87_1", 1146.78, -870, "T", "SMD", "$1N1567", "", "R", 47.54, 66.969, 0, 0, 0],
		[232, "PAD88_2", 1260.276, -770.8915, "T", "SMD", "DGND", "", "R", 47.54, 66.969, 0, 0, 0],
		[233, "PAD89_1", 1143.836, -770.8915, "T", "SMD", "$1N1570", "", "R", 47.54, 66.969, 0, 0, 0],
		[234, "PAD90_2", 1263.22, -675, "T", "SMD", "DGND", "", "R", 47.54, 66.969, 0, 0, 0],
		[235, "PAD91_1", 1146.78, -675, "T", "SMD", "$1N1569", "", "R", 47.54, 66.969, 0, 0, 0],
		[236, "PAD92_2", 1253.22, -575, "T", "SMD", "DGND", "", "R", 47.54, 66.969, 0, 0, 0],
		[237, "PAD93_1", 1136.78, -575, "T", "SMD", "$1N1568", "", "R", 47.54, 66.969, 0, 0, 0],
		[238, "PAD94_2", 827.7, -1109.3935, "T", "SMD", "$1N1529", "", "R", 58.465, 68.031, 0, 0, 90],
		[239, "PAD95_1", 827.7, -1234.7935, "T", "SMD", "AVSS", "", "R", 58.465, 68.031, 0, 0, 90]
	]
}
}